	logFC	statistic	P.Value	adj.P.Val	fdr	feature
(12 or 13)-methylmyristate (a15:0 or i15:0)	0.313818376883373	59	0.52884886011821	NA	0.747335147667047	(12 or 13)-methylmyristate (a15:0 or i15:0)
(14 or 15)-methylpalmitate (a17:0 or i17:0)	-0.417371738185077	35	0.279861005867198	NA	0.577917309329477	(14 or 15)-methylpalmitate (a17:0 or i17:0)
(16 or 17)-methylstearate (a19:0 or i19:0)	-0.730050736142102	24	0.0524259022711035	NA	0.312111722870444	(16 or 17)-methylstearate (a19:0 or i19:0)
(2 or 3)-decenoate (10:1n7 or n8)	-0.575223084184113	37.5	0.364165734640172	NA	0.651289674303918	(2 or 3)-decenoate (10:1n7 or n8)
(N(1) + N(8))-acetylspermidine	0.308579377513421	64	0.307307532724708	NA	0.607238423631881	(N(1) + N(8))-acetylspermidine
(R)-3-hydroxybutyrylcarnitine	-1.67076093395052	42	0.565590891066721	NA	0.781054087663567	(R)-3-hydroxybutyrylcarnitine
(S)-3-hydroxybutyrylcarnitine	0.3832688316002	69	0.160391584542345	NA	0.469721122695235	(S)-3-hydroxybutyrylcarnitine
(S)-a-amino-omega-caprolactam	0.687053107696211	84	0.0110240309717385	NA	0.217733178414293	(S)-a-amino-omega-caprolactam
1,2,3-benzenetriol sulfate (2)	-0.00293863407308814	56	0.673505472157737	NA	0.85622593068036	1,2,3-benzenetriol sulfate (2)
1,3-dimethylurate	0.437303126426351	63	0.321852190488581	NA	0.616883365103113	1,3-dimethylurate
1,5-anhydroglucitol (1,5-AG)	-0.276009301219214	33	0.217562623135379	NA	0.521993775652149	1,5-anhydroglucitol (1,5-AG)
1,7-dimethylurate	0.372715987595177	60	0.466752988268345	NA	0.716280792209921	1,7-dimethylurate
1-arachidonoyl-GPA (20:4)	0.953737780708463	78	0.0292982944045506	NA	0.26769811462788	1-arachidonoyl-GPA (20:4)
1-carboxyethylisoleucine	1.63651409262582	95	0.000588151591143558	NA	0.104056632960801	1-carboxyethylisoleucine
1-carboxyethylleucine	2.07654350411618	94	0.000780034729841088	NA	0.104056632960801	1-carboxyethylleucine
1-carboxyethylphenylalanine	1.53817963940928	91	0.00216851606410531	NA	0.111261554981403	1-carboxyethylphenylalanine
1-carboxyethylvaline	1.9563361498433	94	0.00100355638010353	NA	0.111261554981403	1-carboxyethylvaline
1-linoleoyl-GPG (18:2)*	0.158115126517262	57	0.622652636570054	NA	0.823019149729358	1-linoleoyl-GPG (18:2)*
1-methyl-4-imidazoleacetate	0.390647410902708	70	0.139867911479759	NA	0.444067322985892	1-methyl-4-imidazoleacetate
1-methyl-5-imidazoleacetate	0.877164571050287	65	0.26274446557361	NA	0.572714243586922	1-methyl-5-imidazoleacetate
1-methylhistidine	0.141798495575896	62	0.384494282616179	NA	0.660360457441507	1-methylhistidine
1-methylnicotinamide	0.49697781897839	51	0.969804557772011	NA	1	1-methylnicotinamide
1-methylurate	0.842828880680147	63.5	0.325569406740999	NA	0.622220040963457	1-methylurate
1-methylxanthine	0.587420719227911	63	0.343977586560038	NA	0.64097677573184	1-methylxanthine
1-oleoyl-GPG (18:1)*	0.370606348115091	64	0.314999242243824	NA	0.607238423631881	1-oleoyl-GPG (18:1)*
1-palmitoyl-GPG (16:0)*	0.764281411706118	79	0.0309554806999333	NA	0.269793450878121	1-palmitoyl-GPG (16:0)*
1-ribosyl-imidazoleacetate*	-0.0701141989292126	48	0.909038324456433	NA	0.98091729004043	1-ribosyl-imidazoleacetate*
1-stearoyl-2-arachidonoyl-GPS (18:0/20:4)	1.51735972436234	41.5	0.545198510180071	NA	0.75918038891463	1-stearoyl-2-arachidonoyl-GPS (18:0/20:4)
1-stearoyl-2-docosahexaenoyl-GPS (18:0/22:6)*	1.30019620991146	57	0.60645337440424	NA	0.815533065983121	1-stearoyl-2-docosahexaenoyl-GPS (18:0/22:6)*
1-stearoyl-2-oleoyl-GPS (18:0/18:1)	0.665768602275152	37	0.352681374353201	NA	0.64097677573184	1-stearoyl-2-oleoyl-GPS (18:0/18:1)
1-stearoyl-GPG (18:0)	0.719715100847936	81	0.0137607259155641	NA	0.217733178414293	1-stearoyl-GPG (18:0)
1-stearoyl-GPS (18:0)*	0.900542224107246	48	0.905371170140997	NA	0.98091729004043	1-stearoyl-GPS (18:0)*
10-heptadecenoate (17:1n7)	-0.800430531308023	32	0.19031587607439	NA	0.501524575288611	10-heptadecenoate (17:1n7)
10-nonadecenoate (19:1n9)	-0.752250059950803	29	0.123005477494642	NA	0.414366936812757	10-nonadecenoate (19:1n9)
10-undecenoate (11:1n1)	-0.85053390601972	19	0.0185433761285154	NA	0.224880579594906	10-undecenoate (11:1n1)
11beta-hydroxyandrosterone glucuronide	-0.450721072239587	41	0.517356333185663	NA	0.747335147667047	11beta-hydroxyandrosterone glucuronide
12,13-DiHOME	-0.0944028441181217	51	0.969804557772011	NA	1	12,13-DiHOME
13-HODE + 9-HODE	-0.0505389609186569	51	0.970512459676546	NA	1	13-HODE + 9-HODE
16-hydroxypalmitate	0.00239570285803191	52	0.911797181147026	NA	0.98091729004043	16-hydroxypalmitate
16a-hydroxy DHEA 3-sulfate	-1.14451168734262	24.5	0.0586866812702637	NA	0.320571908124092	16a-hydroxy DHEA 3-sulfate
17alpha-hydroxypregnenolone 3-sulfate	-0.585583548961866	57	0.60645337440424	NA	0.815533065983121	17alpha-hydroxypregnenolone 3-sulfate
2'-deoxyuridine	-0.32889259629321	33	0.208837679249529	NA	0.521993775652149	2'-deoxyuridine
2'-O-methylcytidine	0.148062751522043	59	0.517356333185663	NA	0.747335147667047	2'-O-methylcytidine
2'-O-methyluridine	0.715075275221892	67	0.202521418378417	NA	0.517554735855953	2'-O-methyluridine
2,3-dihydroxy-2-methylbutyrate	1.28030515942802	75	0.0521744767944198	NA	0.312111722870444	2,3-dihydroxy-2-methylbutyrate
2,3-dihydroxy-5-methylthio-4-pentenoate (DMTPA)*	0.337549927033868	74	0.0752560133365087	NA	0.348581672885078	2,3-dihydroxy-5-methylthio-4-pentenoate (DMTPA)*
2,3-dihydroxyisovalerate	0.559162045514753	65	0.272314122059653	NA	0.577917309329477	2,3-dihydroxyisovalerate
2,3-diphosphoglycerate	-1.37448421256394	34.5	0.255045175424362	NA	0.561436079234486	2,3-diphosphoglycerate
2,4-di-tert-butylphenol	-0.836895671094826	50	1	NA	1	2,4-di-tert-butylphenol
2,6-dihydroxybenzoic acid	0.0512932984104958	69	0.165493948775683	NA	0.469721122695235	2,6-dihydroxybenzoic acid
2-aminoadipate	0.0973605405731091	53	0.849546785201283	NA	0.955095100216342	2-aminoadipate
2-aminobutyrate	-0.206076372061832	49	0.970512459676546	NA	1	2-aminobutyrate
2-aminoheptanoate	-0.202880386882594	51	0.970512459676546	NA	1	2-aminoheptanoate
2-aminooctanoate	0.358080360903684	60	0.472008557666107	NA	0.716280792209921	2-aminooctanoate
2-aminophenol sulfate	0.824777680294434	75	0.0639221346034546	NA	0.320571908124092	2-aminophenol sulfate
2-hydroxy-3-methylvalerate	0.0872219285490014	58	0.578741691744788	NA	0.787797364068925	2-hydroxy-3-methylvalerate
2-hydroxy-4-(methylthio)butanoic acid	0.360804184967734	75	0.0630128385546342	NA	0.320571908124092	2-hydroxy-4-(methylthio)butanoic acid
2-hydroxyacetaminophen sulfate*	0	50	NA	NA	NA	2-hydroxyacetaminophen sulfate*
2-hydroxyarachidate*	1.46650682548979	73	0.0883724491075516	NA	0.365047676212181	2-hydroxyarachidate*
2-hydroxybehenate	-0.145872186360729	42.5	0.59656315976262	NA	0.808755340572495	2-hydroxybehenate
2-hydroxybutyrate/2-hydroxyisobutyrate	-0.441471303016253	41	0.52884886011821	NA	0.747335147667047	2-hydroxybutyrate/2-hydroxyisobutyrate
2-hydroxydecanoate	-0.154650040440545	41	0.52884886011821	NA	0.747335147667047	2-hydroxydecanoate
2-hydroxyhippurate (salicylurate)	2.12429848265738	64.5	0.288098754299245	NA	0.590992724472067	2-hydroxyhippurate (salicylurate)
2-hydroxylaurate	-0.199210875626102	43	0.630528913810648	NA	0.823019149729358	2-hydroxylaurate
2-hydroxynervonate*	-0.472417814783155	30	0.143140141592154	NA	0.444067322985892	2-hydroxynervonate*
2-hydroxyoctanoate	0.14162625968752	57	0.630528913810648	NA	0.823019149729358	2-hydroxyoctanoate
2-hydroxypalmitate	-0.182237862613206	32	0.19031587607439	NA	0.501524575288611	2-hydroxypalmitate
2-hydroxyphenylacetate	0.266162653245623	51	0.970512459676546	NA	1	2-hydroxyphenylacetate
2-hydroxysebacate	-0.161784382466109	50	1	NA	1	2-hydroxysebacate
2-hydroxystearate	-0.218339117052722	31	0.165493948775683	NA	0.469721122695235	2-hydroxystearate
2-isopropylmalate	0.362469587926517	66.5	0.196252785988449	NA	0.509340888149009	2-isopropylmalate
2-ketocaprylate	0.0876339519182604	56	0.68421052631579	NA	0.85622593068036	2-ketocaprylate
2-methoxyacetaminophen glucuronide*	0	50	NA	NA	NA	2-methoxyacetaminophen glucuronide*
2-methoxyacetaminophen sulfate*	0	50	NA	NA	NA	2-methoxyacetaminophen sulfate*
2-methylbutyrylcarnitine (C5)	0.14285393886007	70	0.143140141592154	NA	0.444067322985892	2-methylbutyrylcarnitine (C5)
2-naphthol sulfate	-0.0519567165308325	47.5	0.878228555983232	NA	0.973161075961881	2-naphthol sulfate
2-O-methylascorbic acid	0.203892353876747	63	0.352681374353201	NA	0.64097677573184	2-O-methylascorbic acid
2-oxoarginine*	0.777611782804299	81	0.0209403536539594	NA	0.238373036957917	2-oxoarginine*
2-piperidinone	1.31285678762464	63	0.352681374353201	NA	0.64097677573184	2-piperidinone
21-hydroxypregnenolone disulfate	-0.964601359556534	30	0.143140141592154	NA	0.444067322985892	21-hydroxypregnenolone disulfate
2R,3R-dihydroxybutyrate	0.150749998906411	61	0.435872177358246	NA	0.692206529280833	2R,3R-dihydroxybutyrate
2S,3R-dihydroxybutyrate	-0.535013748635363	30	0.143140141592154	NA	0.444067322985892	2S,3R-dihydroxybutyrate
3,4-dihydroxybutyrate	0.879526021500991	86	0.00519604234774513	NA	0.1732880122973	3,4-dihydroxybutyrate
3,5-dichloro-2,6-dihydroxybenzoic acid	0.0831305646587105	59.5	0.496129714942817	NA	0.73537448859302	3,5-dichloro-2,6-dihydroxybenzoic acid
3-(3-hydroxyphenyl)propionate	0.121372732269354	56	0.67527266614544	NA	0.85622593068036	3-(3-hydroxyphenyl)propionate
3-(4-hydroxyphenyl)lactate (HPLA)	0.474878351753152	76	0.0524259022711035	NA	0.312111722870444	3-(4-hydroxyphenyl)lactate (HPLA)
3-(cystein-S-yl)acetaminophen*	0	50	NA	NA	NA	3-(cystein-S-yl)acetaminophen*
3-(methylthio)acetaminophen sulfate*	4.14967823769604	55	0.368120250693519	NA	0.651289674303918	3-(methylthio)acetaminophen sulfate*
3-(N-acetyl-L-cystein-S-yl) acetaminophen	0	50	NA	NA	NA	3-(N-acetyl-L-cystein-S-yl) acetaminophen
3-amino-2-piperidone	0.837933241902975	89	0.00348540872414667	NA	0.159636812637345	3-amino-2-piperidone
3-aminoisobutyrate	-0.378255846644798	35	0.272855968487129	NA	0.577917309329477	3-aminoisobutyrate
3-bromo-5-chloro-2,6-dihydroxybenzoic acid*	0.107353281637985	55	0.739364350819459	NA	0.895020003623556	3-bromo-5-chloro-2,6-dihydroxybenzoic acid*
3-carboxy-4-methyl-5-pentyl-2-furanpropionate (3-CMPFP)	0.408631071917772	65	0.279861005867198	NA	0.577917309329477	3-carboxy-4-methyl-5-pentyl-2-furanpropionate (3-CMPFP)
3-carboxy-4-methyl-5-propyl-2-furanpropanoate (CMPF)	2.10401009571185	52.5	0.879784301056993	NA	0.973161075961881	3-carboxy-4-methyl-5-propyl-2-furanpropanoate (CMPF)
3-decenoylcarnitine	-0.714952821497315	41	0.517356333185663	NA	0.747335147667047	3-decenoylcarnitine
3-formylindole	-0.0690171992104578	52.5	0.879784301056993	NA	0.973161075961881	3-formylindole
3-hydroxy-2-ethylpropionate	-0.120961098250026	45	0.739364350819459	NA	0.895020003623556	3-hydroxy-2-ethylpropionate
3-hydroxy-2-methylpyridine sulfate	2.30299717966846	69.5	0.076602880699183	NA	0.352373251216242	3-hydroxy-2-methylpyridine sulfate
3-hydroxy-3-methylglutarate	0.456791694483587	79	0.0288055597653121	NA	0.26769811462788	3-hydroxy-3-methylglutarate
3-hydroxyadipate*	-0.744534887585813	35	0.271227122163817	NA	0.577917309329477	3-hydroxyadipate*
3-hydroxyarachidate*	1.61568078599099	81	0.0201728953210733	NA	0.238373036957917	3-hydroxyarachidate*
3-hydroxybutyrate (BHBA)	-2.79654177941703	23	0.0432570525449782	NA	0.302546248281555	3-hydroxybutyrate (BHBA)
3-hydroxybutyroylglycine	0.737957462465158	63	0.352681374353201	NA	0.64097677573184	3-hydroxybutyroylglycine
3-hydroxydecanoate	-0.582951648209882	28	0.105122431747819	NA	0.383151158337678	3-hydroxydecanoate
3-hydroxydecanoylcarnitine	-1.10133332042452	35.5	0.288098754299245	NA	0.590992724472067	3-hydroxydecanoylcarnitine
3-hydroxydodecanedioate*	-1.33727526943195	33	0.190985370499711	NA	0.501524575288611	3-hydroxydodecanedioate*
3-hydroxyhexanoate	-0.259663182554863	40	0.48125094719522	NA	0.719144595137297	3-hydroxyhexanoate
3-hydroxyhippurate	0.690446032733613	71	0.121084583430322	NA	0.414366936812757	3-hydroxyhippurate
3-hydroxyisobutyrate	0.0409910560984114	56	0.677470512772892	NA	0.85622593068036	3-hydroxyisobutyrate
3-hydroxylaurate	-0.614914228278567	33	0.217562623135379	NA	0.521993775652149	3-hydroxylaurate
3-hydroxymyristate	-0.167401632120338	41	0.52884886011821	NA	0.747335147667047	3-hydroxymyristate
3-hydroxyoctanoate	-0.229228707875288	38	0.393048128342246	NA	0.660360457441507	3-hydroxyoctanoate
3-hydroxyoctanoylcarnitine (1)	-0.955240606517083	32.5	0.198595758633215	NA	0.509474503878287	3-hydroxyoctanoylcarnitine (1)
3-hydroxyoctanoylcarnitine (2)	-1.00418997093456	34	0.240613075710636	NA	0.548337579333331	3-hydroxyoctanoylcarnitine (2)
3-hydroxypyridine sulfate	1.74605290792084	58.5	0.545198510180071	NA	0.75918038891463	3-hydroxypyridine sulfate
3-hydroxystachydrine*	3.36557943735578	60	0.463103618363136	NA	0.716280792209921	3-hydroxystachydrine*
3-hydroxystearate	0.550751428803985	75	0.0630128385546342	NA	0.320571908124092	3-hydroxystearate
3-indoleglyoxylic acid	-0.256107159648477	36.5	0.309966475015054	NA	0.607238423631881	3-indoleglyoxylic acid
3-indoxyl sulfate	0.188290181307581	61	0.435872177358246	NA	0.692206529280833	3-indoxyl sulfate
3-methoxycatechol sulfate (1)	0.877562825499855	86	0.00719692102632241	NA	0.184628704790656	3-methoxycatechol sulfate (1)
3-methoxytyrosine	0.3272498723965	70	0.139867911479759	NA	0.444067322985892	3-methoxytyrosine
3-methyl catechol sulfate (1)	1.73641232433299	77	0.0435448873088895	NA	0.302546248281555	3-methyl catechol sulfate (1)
3-methyl-2-oxobutyrate	-0.0875216663684325	40	0.48125094719522	NA	0.719144595137297	3-methyl-2-oxobutyrate
3-methyl-2-oxovalerate	-0.125390622061843	45	0.739364350819459	NA	0.895020003623556	3-methyl-2-oxovalerate
3-methylcytidine	-0.142536040910013	40	0.463103618363136	NA	0.716280792209921	3-methylcytidine
3-methylglutaconate	0.503234328685155	67	0.217562623135379	NA	0.521993775652149	3-methylglutaconate
3-methylglutarate/2-methylglutarate	-0.127707775119565	45	0.732761746219767	NA	0.895020003623556	3-methylglutarate/2-methylglutarate
3-methylglutarylcarnitine (2)	0.915886477502294	60	0.451509571472271	NA	0.708604433345893	3-methylglutarylcarnitine (2)
3-methylhistidine	0.837864860518078	61.5	0.405502300129991	NA	0.67617508546676	3-methylhistidine
3-methylxanthine	0.641078686492166	61	0.425610031599911	NA	0.692206529280833	3-methylxanthine
3-phenylpropionate (hydrocinnamate)	-0.871747329975446	35	0.266649994312144	NA	0.577453072098053	3-phenylpropionate (hydrocinnamate)
3-phosphoglycerate	1.19475455890813	61	0.435872177358246	NA	0.692206529280833	3-phosphoglycerate
3-ureidopropionate	0.120301601044181	58.5	0.543831316022702	NA	0.75918038891463	3-ureidopropionate
3beta,7alpha-dihydroxy-5-cholestenoate	-0.701594107515455	20	0.0232306393297105	NA	0.254013712015032	3beta,7alpha-dihydroxy-5-cholestenoate
3beta-hydroxy-5-cholestenoate	-0.350216348386492	32	0.19031587607439	NA	0.501524575288611	3beta-hydroxy-5-cholestenoate
4-acetamidobutanoate	-0.362155789399078	34	0.247450691723138	NA	0.548337579333331	4-acetamidobutanoate
4-acetamidophenol	0	50	NA	NA	NA	4-acetamidophenol
4-acetamidophenylglucuronide	0	50	NA	NA	NA	4-acetamidophenylglucuronide
4-acetaminophen sulfate	0	50	NA	NA	NA	4-acetaminophen sulfate
4-allylcatechol sulfate	0.175565967785357	51	0.969194787425051	NA	1	4-allylcatechol sulfate
4-allylphenol sulfate	0.906734996437265	55	0.739364350819459	NA	0.895020003623556	4-allylphenol sulfate
4-chlorobenzoic acid	-0.366203706933117	35.5	0.289737062822138	NA	0.590992724472067	4-chlorobenzoic acid
4-ethylcatechol sulfate	0.770753652104098	57.5	0.584587673070597	NA	0.794134374619324	4-ethylcatechol sulfate
4-ethylphenyl sulfate	1.16150762620212	63	0.352681374353201	NA	0.64097677573184	4-ethylphenyl sulfate
4-guanidinobutanoate	2.70794394343476	83.5	0.00995810588183645	NA	0.217733178414293	4-guanidinobutanoate
4-hydroxy-2-oxoglutaric acid	0.969814087337996	78	0.0354629890233605	NA	0.278280160924488	4-hydroxy-2-oxoglutaric acid
4-hydroxychlorothalonil	-0.136783677059929	46	0.795936261880534	NA	0.92328606378142	4-hydroxychlorothalonil
4-hydroxyglutamate	1.00718740507668	91	0.00175955500051808	NA	0.111261554981403	4-hydroxyglutamate
4-hydroxyhippurate	1.88479879830263	89	0.00208924202732252	NA	0.111261554981403	4-hydroxyhippurate
4-hydroxyphenylacetate	0.245422898297045	64	0.307307532724708	NA	0.607238423631881	4-hydroxyphenylacetate
4-hydroxyphenylacetatoylcarnitine	-3.11247467918598	42	0.562404927594274	NA	0.779883756144243	4-hydroxyphenylacetatoylcarnitine
4-hydroxyphenylpyruvate	-0.464955327792753	41.5	0.545198510180071	NA	0.75918038891463	4-hydroxyphenylpyruvate
4-methoxyphenol sulfate	-0.230206586874862	71.5	0.0898583111333596	NA	0.365460326377749	4-methoxyphenol sulfate
4-methyl-2-oxopentanoate	-0.377650864551407	32	0.19031587607439	NA	0.501524575288611	4-methyl-2-oxopentanoate
4-methylcatechol sulfate	0.589467564399613	64	0.314999242243824	NA	0.607238423631881	4-methylcatechol sulfate
4-methylguaiacol sulfate	1.34126408472066	74.5	0.052568088640681	NA	0.312111722870444	4-methylguaiacol sulfate
4-vinylphenol sulfate	-0.399535268078706	52	0.909688076223491	NA	0.98091729004043	4-vinylphenol sulfate
5,6-dihydrothymine	0.228692779433799	79	0.0288055597653121	NA	0.26769811462788	5,6-dihydrothymine
5,6-dihydrouracil	1.67129767006034	66	0.240613075710636	NA	0.548337579333331	5,6-dihydrouracil
5,6-dihydrouridine	0.378267485480437	67	0.217562623135379	NA	0.521993775652149	5,6-dihydrouridine
5-(galactosylhydroxy)-L-lysine	0.108025639022974	61	0.421177604593721	NA	0.692206529280833	5-(galactosylhydroxy)-L-lysine
5-acetylamino-6-amino-3-methyluracil	0.101673154398549	61	0.417375829500207	NA	0.692206529280833	5-acetylamino-6-amino-3-methyluracil
5-dodecenoate (12:1n7)	-0.63272987176112	35	0.279861005867198	NA	0.577917309329477	5-dodecenoate (12:1n7)
5-hydroxyhexanoate	0.474546043500864	73	0.0865701556556257	NA	0.365047676212181	5-hydroxyhexanoate
5-hydroxylysine	0.837635436433449	80	0.0256924445489082	NA	0.263644007909566	5-hydroxylysine
5-methylthioadenosine (MTA)	0.164853569750025	68	0.184218713132157	NA	0.501524575288611	5-methylthioadenosine (MTA)
5-methyluridine (ribothymidine)	-0.331223141812635	35	0.279861005867198	NA	0.577917309329477	5-methyluridine (ribothymidine)
5-oxoproline	2.22115404237901	78	0.0354629890233605	NA	0.278280160924488	5-oxoproline
5alpha-androstan-3alpha,17beta-diol disulfate	-2.64157994037564	17.5	0.0142284517489639	NA	0.217733178414293	5alpha-androstan-3alpha,17beta-diol disulfate
5alpha-androstan-3alpha,17beta-diol monosulfate (1)	-0.514125089593648	35	0.26274446557361	NA	0.572714243586922	5alpha-androstan-3alpha,17beta-diol monosulfate (1)
5alpha-androstan-3alpha,17beta-diol monosulfate (2)	-1.22111679171984	27	0.0548926199363263	NA	0.315632564633876	5alpha-androstan-3alpha,17beta-diol monosulfate (2)
5alpha-androstan-3beta,17alpha-diol disulfate	-1.59310520886817	24	0.0348570871014441	NA	0.278280160924488	5alpha-androstan-3beta,17alpha-diol disulfate
5alpha-androstan-3beta,17beta-diol disulfate	-1.88140875295717	16.5	0.012577838763379	NA	0.217733178414293	5alpha-androstan-3beta,17beta-diol disulfate
5alpha-androstan-3beta,17beta-diol monosulfate (2)	-0.68019263749859	34	0.21060011498284	NA	0.521993775652149	5alpha-androstan-3beta,17beta-diol monosulfate (2)
5alpha-pregnan-3beta,20alpha-diol disulfate	-2.04284876127966	31.5	0.173455573712392	NA	0.488163998591414	5alpha-pregnan-3beta,20alpha-diol disulfate
5alpha-pregnan-3beta,20alpha-diol monosulfate (2)	-1.76332503078629	33	0.210570446049327	NA	0.521993775652149	5alpha-pregnan-3beta,20alpha-diol monosulfate (2)
5alpha-pregnan-3beta,20beta-diol monosulfate (1)	-1.40416813633522	30	0.132038936673693	NA	0.440349853806766	5alpha-pregnan-3beta,20beta-diol monosulfate (1)
6-bromotryptophan	0.190772753800971	57	0.623045530837908	NA	0.823019149729358	6-bromotryptophan
6-hydroxyindole sulfate	-0.367302130619879	41	0.52884886011821	NA	0.747335147667047	6-hydroxyindole sulfate
6-oxopiperidine-2-carboxylate	0.141651579993033	70	0.138970820734404	NA	0.444067322985892	6-oxopiperidine-2-carboxylate
7-HOCA	-0.0121786763503478	46	0.795936261880534	NA	0.92328606378142	7-HOCA
7-methylguanine	0.203388038742907	68	0.185214458161717	NA	0.501524575288611	7-methylguanine
7-methylxanthine	0.299147099450839	62	0.381068541320252	NA	0.660360457441507	7-methylxanthine
9,10-DiHOME	0.11301138530115	51	0.969804557772011	NA	1	9,10-DiHOME
9-hydroxystearate	-0.0697399163647497	48	0.90938204037192	NA	0.98091729004043	9-hydroxystearate
acesulfame	2.08766549782023	70	0.096160033383256	NA	0.383151158337678	acesulfame
acetoacetate	-1.94508230572169	34	0.21060011498284	NA	0.521993775652149	acetoacetate
acetylcarnitine (C2)	-0.0544293440932351	47	0.853428305440689	NA	0.955095100216342	acetylcarnitine (C2)
acisoga	0.270437059788095	60.5	0.447980036931723	NA	0.708604433345893	acisoga
aconitate [cis or trans]	0.322820183764932	64	0.314999242243824	NA	0.607238423631881	aconitate [cis or trans]
AMP	2.81553229237333	62	0.393048128342246	NA	0.660360457441507	AMP
adipate	-0.685547869954214	51	0.969838641404833	NA	1	adipate
adipoylcarnitine (C6-DC)	0.30491497315682	52	0.909038324456433	NA	0.98091729004043	adipoylcarnitine (C6-DC)
adrenate (22:4n6)	-1.32761191906268	18	0.0146896447206045	NA	0.217733178414293	adrenate (22:4n6)
alanine	0.497368303092526	86	0.00519604234774513	NA	0.1732880122973	alanine
allantoin	0.0925499247453129	58	0.578741691744788	NA	0.787797364068925	allantoin
alliin	-0.836250209981815	57	0.599584966863935	NA	0.809561078741386	alliin
alpha-hydroxycaproate	2.38780743273037	83	0.00866522179310767	NA	0.206417962000101	alpha-hydroxycaproate
alpha-hydroxyisocaproate	0.542399139621431	68	0.19031587607439	NA	0.501524575288611	alpha-hydroxyisocaproate
alpha-hydroxyisovalerate	0.102595204201812	61	0.435872177358246	NA	0.692206529280833	alpha-hydroxyisovalerate
alpha-ketobutyrate	-0.882711584508489	29	0.123005477494642	NA	0.414366936812757	alpha-ketobutyrate
alpha-ketoglutaramate*	0.387725226581092	75	0.0630128385546342	NA	0.320571908124092	alpha-ketoglutaramate*
alpha-ketoglutarate	1.40886430086593	94	0.000324752646734071	NA	0.104056632960801	alpha-ketoglutarate
alpha-tocopherol	0.26970256898063	74	0.0752560133365087	NA	0.348581672885078	alpha-tocopherol
andro steroid monosulfate C19H28O6S (1)*	-1.07428041295011	25	0.062025981675165	NA	0.320571908124092	andro steroid monosulfate C19H28O6S (1)*
androstenediol (3alpha, 17alpha) monosulfate (3)	-1.21239197731521	40	0.458121003516984	NA	0.716280792209921	androstenediol (3alpha, 17alpha) monosulfate (3)
androstenediol (3beta,17beta) disulfate (1)	-0.991144201171302	28.5	0.112275505980557	NA	0.402622378973288	androstenediol (3beta,17beta) disulfate (1)
androstenediol (3beta,17beta) disulfate (2)	-1.08877605408948	18	0.0146896447206045	NA	0.217733178414293	androstenediol (3beta,17beta) disulfate (2)
androstenediol (3beta,17beta) monosulfate (1)	-0.978705221636772	29	0.116309063219597	NA	0.412649708337613	androstenediol (3beta,17beta) monosulfate (1)
androsterone glucuronide	-1.00402531931415	28.5	0.111058713378768	NA	0.402587835998034	androsterone glucuronide
androsterone sulfate	-0.949202194557141	26	0.0752216653481373	NA	0.348581672885078	androsterone sulfate
arabinose	0.664336016065179	74	0.0744520962578951	NA	0.348581672885078	arabinose
arabitol/xylitol	0.219543062419597	66	0.247450691723138	NA	0.548337579333331	arabitol/xylitol
arabonate/xylonate	0.282615339829099	73	0.0892095520578493	NA	0.365047676212181	arabonate/xylonate
arachidate (20:0)	0.00184088750975287	50	1	NA	1	arachidate (20:0)
arachidonate (20:4n6)	-0.480089473452077	33	0.217562623135379	NA	0.521993775652149	arachidonate (20:4n6)
arachidonoylcarnitine (C20:4)	1.95382312708993	64	0.306760956170655	NA	0.607238423631881	arachidonoylcarnitine (C20:4)
arachidonoylcholine	-0.155193238543182	46	0.790566218952832	NA	0.92328606378142	arachidonoylcholine
argininate*	0.943451769126147	83	0.0133067648140918	NA	0.217733178414293	argininate*
arginine	-0.0625642859133676	43	0.630528913810648	NA	0.823019149729358	arginine
ascorbic acid 2-sulfate	0.386984547129204	65	0.279861005867198	NA	0.577917309329477	ascorbic acid 2-sulfate
ascorbic acid 3-sulfate*	0.155688965584366	51	0.970512459676546	NA	1	ascorbic acid 3-sulfate*
asparagine	0.140951167327471	66	0.247450691723138	NA	0.548337579333331	asparagine
aspartate	1.18552032227004	66	0.247450691723138	NA	0.548337579333331	aspartate
azelate (C9-DC)	0.980561975790947	69	0.165493948775683	NA	0.469721122695235	azelate (C9-DC)
benzoate	0.450856092570851	59	0.52884886011821	NA	0.747335147667047	benzoate
beta-alanine	0.452045595248394	60.5	0.449521325767026	NA	0.708604433345893	beta-alanine
beta-citrylglutamate	0.921838225214977	82	0.0146896447206045	NA	0.217733178414293	beta-citrylglutamate
beta-cryptoxanthin	0.492202425928659	49	0.970512459676546	NA	1	beta-cryptoxanthin
beta-hydroxyisovalerate	-0.758224890797303	27	0.0892095520578493	NA	0.365047676212181	beta-hydroxyisovalerate
beta-hydroxyisovaleroylcarnitine	-0.205877166390894	46	0.791029577298176	NA	0.92328606378142	beta-hydroxyisovaleroylcarnitine
betaine	0.322042855990006	78	0.0354629890233605	NA	0.278280160924488	betaine
bilirubin (E,E)*	-1.71428064144968	24	0.0535419392309454	NA	0.312111722870444	bilirubin (E,E)*
bilirubin (E,Z or Z,E)*	-1.1904022426034	28	0.0995449720341931	NA	0.383151158337678	bilirubin (E,Z or Z,E)*
bilirubin	-1.2801165646858	25	0.0630128385546342	NA	0.320571908124092	bilirubin
biliverdin	-1.53318758426118	35	0.272314122059653	NA	0.577917309329477	biliverdin
branched chain 14:0 dicarboxylic acid	-0.0719705839671373	55	0.728167761083347	NA	0.895020003623556	branched chain 14:0 dicarboxylic acid
branched-chain, straight-chain, or cyclopropyl 10:1 fatty acid (1)*	0.153838824799602	55	0.739364350819459	NA	0.895020003623556	branched-chain, straight-chain, or cyclopropyl 10:1 fatty acid (1)*
branched-chain, straight-chain, or cyclopropyl 10:1 fatty acid (2)*	-0.517883508344094	28	0.103979744458987	NA	0.383151158337678	branched-chain, straight-chain, or cyclopropyl 10:1 fatty acid (2)*
branched-chain, straight-chain, or cyclopropyl 12:1 fatty acid*	-0.964566864492663	33	0.217562623135379	NA	0.521993775652149	branched-chain, straight-chain, or cyclopropyl 12:1 fatty acid*
butyrate/isobutyrate (4:0)	0.339371481190998	76	0.0524259022711035	NA	0.312111722870444	butyrate/isobutyrate (4:0)
butyrylcarnitine (C4)	0.771505134534473	73	0.0888529084790496	NA	0.365047676212181	butyrylcarnitine (C4)
C-glycosyltryptophan	0.206355857591327	64	0.314999242243824	NA	0.607238423631881	C-glycosyltryptophan
caffeine	0.614567017138057	62.5	0.362535533885899	NA	0.651289674303918	caffeine
caprate (10:0)	0.594290577980289	62	0.393048128342246	NA	0.660360457441507	caprate (10:0)
caproate (6:0)	0.711673418753963	80	0.0255257841958039	NA	0.263644007909566	caproate (6:0)
caprylate (8:0)	0.530255886248869	69	0.165493948775683	NA	0.469721122695235	caprylate (8:0)
carnitine	0.405971330278031	68	0.19031587607439	NA	0.501524575288611	carnitine
carnitine of C10H14O2 (5)*	0.398333965836919	64	0.301041397523169	NA	0.607238423631881	carnitine of C10H14O2 (5)*
carotene diol (1)	0.818291180206602	70	0.143140141592154	NA	0.444067322985892	carotene diol (1)
carotene diol (2)	0.701251439087966	61	0.435872177358246	NA	0.692206529280833	carotene diol (2)
carotene diol (3)	0.450790556859235	64	0.307307532724708	NA	0.607238423631881	carotene diol (3)
catechol sulfate	0.661296109372719	71	0.123005477494642	NA	0.414366936812757	catechol sulfate
cerotoylcarnitine (C26)*	0.0789816009882423	58	0.578741691744788	NA	0.787797364068925	cerotoylcarnitine (C26)*
cetirizine	0.101691108417312	50.5	1	NA	1	cetirizine
chenodeoxycholate	0.369685987543926	48.5	0.939720366947744	NA	1	chenodeoxycholate
cholate	0.313037582234904	61	0.426659071248973	NA	0.692206529280833	cholate
cholesterol	-0.167992469667819	41	0.52884886011821	NA	0.747335147667047	cholesterol
choline	0.832091378109704	90	0.0015046872632012	NA	0.111261554981403	choline
phosphocholine	0.498088686926296	75	0.0630128385546342	NA	0.320571908124092	phosphocholine
cis-3,4-methyleneheptanoate	0.497454308102883	64.5	0.289737062822138	NA	0.590992724472067	cis-3,4-methyleneheptanoate
cis-3,4-methyleneheptanoylcarnitine	0.848313574867077	72	0.103979744458987	NA	0.383151158337678	cis-3,4-methyleneheptanoylcarnitine
cis-3,4-methyleneheptanoylglycine	0.138703496628785	57	0.620536310244058	NA	0.823019149729358	cis-3,4-methyleneheptanoylglycine
cis-4-decenoate (10:1n6)*	-0.760554532277476	29	0.123005477494642	NA	0.414366936812757	cis-4-decenoate (10:1n6)*
cis-4-decenoylcarnitine (C10:1)	-0.555179713322511	38	0.383957035573889	NA	0.660360457441507	cis-4-decenoylcarnitine (C10:1)
citraconate/glutaconate	-0.277840774576409	57	0.630528913810648	NA	0.823019149729358	citraconate/glutaconate
citrate	-0.0723732395849728	41	0.52884886011821	NA	0.747335147667047	citrate
citrulline	0.319041166561658	79	0.0288055597653121	NA	0.26769811462788	citrulline
cortisol	0.0469100102180468	52	0.911797181147026	NA	0.98091729004043	cortisol
cortisone	-0.0923299457378434	47	0.853428305440689	NA	0.955095100216342	cortisone
cortolone glucuronide (1)	-0.310306046286812	39	0.417375829500207	NA	0.692206529280833	cortolone glucuronide (1)
cotinine	0.752040596393151	55	0.368120250693519	NA	0.651289674303918	cotinine
creatine	0.600139934599681	70	0.143140141592154	NA	0.444067322985892	creatine
creatinine	0.141271231533248	53	0.853428305440689	NA	0.955095100216342	creatinine
cys-gly, oxidized	2.17236026114158	77	0.044831622020656	NA	0.303678944170979	cys-gly, oxidized
cystathionine	0.712653252361737	66.5	0.211449130204713	NA	0.521993775652149	cystathionine
cysteine	0.664298742785146	73	0.0892095520578493	NA	0.365047676212181	cysteine
cysteine s-sulfate	-0.267714078774629	62	0.393048128342246	NA	0.660360457441507	cysteine s-sulfate
cysteine-glutathione disulfide	0.161141085377313	61	0.426659071248973	NA	0.692206529280833	cysteine-glutathione disulfide
cysteinylglycine	4.48492215361547	99	0.000233127406940007	NA	0.104056632960801	cysteinylglycine
cysteinylglycine disulfide*	1.03919146301379	77	0.0432570525449782	NA	0.302546248281555	cysteinylglycine disulfide*
cystine	0.344562201683442	64	0.314999242243824	NA	0.607238423631881	cystine
decadienedioic acid (C10:2-DC)	-0.786777128424978	40	0.48125094719522	NA	0.719144595137297	decadienedioic acid (C10:2-DC)
decanoylcarnitine (C10)	-1.12426509663561	38.5	0.40390601442593	NA	0.67617508546676	decanoylcarnitine (C10)
dehydroepiandrosterone sulfate (DHEA-S)	-1.17537096867429	18	0.0146896447206045	NA	0.217733178414293	dehydroepiandrosterone sulfate (DHEA-S)
delta-CEHC	0.425994665451163	62	0.362081418223389	NA	0.651289674303918	delta-CEHC
deoxycarnitine	0.280565204056856	57	0.630528913810648	NA	0.823019149729358	deoxycarnitine
deoxycholate	0.32365243390222	63	0.352681374353201	NA	0.64097677573184	deoxycholate
deoxycholic acid 12-sulfate*	0.14316604919503	63	0.321852190488581	NA	0.616883365103113	deoxycholic acid 12-sulfate*
deoxycholic acid glucuronide	0.936135007457229	75	0.0636223326001342	NA	0.320571908124092	deoxycholic acid glucuronide
dihomolinoleate (20:2n6)	-0.957678401398187	25	0.0630128385546342	NA	0.320571908124092	dihomolinoleate (20:2n6)
dihomolinolenate (20:3n3 or 3n6)	-0.624401636157981	29	0.123005477494642	NA	0.414366936812757	dihomolinolenate (20:3n3 or 3n6)
dihomo-linolenoyl-choline	-0.178816935490321	46.5	0.818229444365891	NA	0.945856220783447	dihomo-linolenoyl-choline
dihomo-linolenoylcarnitine (C20:3n3 or 6)*	1.87098275665485	66	0.240613075710636	NA	0.548337579333331	dihomo-linolenoylcarnitine (C20:3n3 or 6)*
dihomo-linoleoylcarnitine (C20:2)*	1.18721684699207	65	0.271227122163817	NA	0.577917309329477	dihomo-linoleoylcarnitine (C20:2)*
dihydroorotate	0.0239137196855125	46	0.795936261880534	NA	0.92328606378142	dihydroorotate
dimethyl sulfone	0.125056788638855	49	0.970512459676546	NA	1	dimethyl sulfone
dimethylarginine (ADMA + SDMA)	0.422783294541447	77	0.0432570525449782	NA	0.302546248281555	dimethylarginine (ADMA + SDMA)
dimethylglycine	0.260290775246749	58	0.578741691744788	NA	0.787797364068925	dimethylglycine
docosadienoate (22:2n6)	-0.426901772775842	36	0.307307532724708	NA	0.607238423631881	docosadienoate (22:2n6)
docosadioate (C22-DC)	0.0468037600700612	56	0.677126445647605	NA	0.85622593068036	docosadioate (C22-DC)
docosahexaenoate (DHA; 22:6n3)	-0.683000623085724	34	0.247450691723138	NA	0.548337579333331	docosahexaenoate (DHA; 22:6n3)
docosahexaenoylcholine	-0.334203188069406	43	0.615641727794227	NA	0.823019149729358	docosahexaenoylcholine
docosapentaenoate (DPA; 22:5n3)	-0.75209018783801	27	0.0892095520578493	NA	0.365047676212181	docosapentaenoate (DPA; 22:5n3)
docosapentaenoate (n6 DPA; 22:5n6)	-1.01208174335657	27	0.0892095520578493	NA	0.365047676212181	docosapentaenoate (n6 DPA; 22:5n6)
docosatrienoate (22:3n3)	-0.287850687478575	37	0.342883298396749	NA	0.64097677573184	docosatrienoate (22:3n3)
dodecadienoate (12:2)*	-1.13391863757365	26	0.0752560133365087	NA	0.348581672885078	dodecadienoate (12:2)*
dodecanedioate (C12)	-0.669847770560878	53	0.849883508700099	NA	0.955095100216342	dodecanedioate (C12)
dopamine 3-O-sulfate	0.836116597212981	79	0.0288055597653121	NA	0.26769811462788	dopamine 3-O-sulfate
ectoine	1.21165005265207	75	0.0521744767944198	NA	0.312111722870444	ectoine
EDTA	-0.23371746610395	43.5	0.650024629906101	NA	0.843514451648579	EDTA
eicosanedioate (C20-DC)	-0.0807538412623783	47	0.853428305440689	NA	0.955095100216342	eicosanedioate (C20-DC)
eicosapentaenoate (EPA; 20:5n3)	0.125825905712397	53	0.853428305440689	NA	0.955095100216342	eicosapentaenoate (EPA; 20:5n3)
eicosenedioate (C20:1-DC)*	-0.0430026280076715	50	1	NA	1	eicosenedioate (C20:1-DC)*
eicosenoate (20:1n9 or 1n11)	-0.763022919083271	32	0.19031587607439	NA	0.501524575288611	eicosenoate (20:1n9 or 1n11)
eicosenoylcarnitine (C20:1)*	0.725475226996657	66	0.240613075710636	NA	0.548337579333331	eicosenoylcarnitine (C20:1)*
epiandrosterone sulfate	-1.38500554070008	21	0.0305763698497912	NA	0.269793450878121	epiandrosterone sulfate
ergothioneine	1.16813008361711	81	0.021085471035258	NA	0.238373036957917	ergothioneine
erucate (22:1n9)	0.00555117609076905	49	0.970512459676546	NA	1	erucate (22:1n9)
erythritol	-3.14277300720911	61	0.435872177358246	NA	0.692206529280833	erythritol
erythronate*	0.434818267783882	81	0.0185433761285154	NA	0.224880579594906	erythronate*
ethyl alpha-glucopyranoside	0.291718533717258	57	0.599584966863935	NA	0.809561078741386	ethyl alpha-glucopyranoside
ethyl beta-glucopyranoside	2.32688690178858	79	0.0299477321276455	NA	0.269793450878121	ethyl beta-glucopyranoside
ethylmalonate	0.00122616651977739	53	0.853428305440689	NA	0.955095100216342	ethylmalonate
etiocholanolone glucuronide	-0.792099996535404	27	0.0822426700235061	NA	0.365047676212181	etiocholanolone glucuronide
formiminoglutamate	0.539102428484265	76	0.0521034885218417	NA	0.312111722870444	formiminoglutamate
fructose	0.222222682523276	54	0.795936261880534	NA	0.92328606378142	fructose
fructosyllysine	-0.196943972094232	46	0.795936261880534	NA	0.92328606378142	fructosyllysine
fumarate	0.811608616891921	83	0.0114962436943861	NA	0.217733178414293	fumarate
gabapentin	0	50	NA	NA	NA	gabapentin
galactonate	1.17913043952457	62	0.374423110524252	NA	0.660360457441507	galactonate
gamma-CEHC	0.192260262346024	65	0.279861005867198	NA	0.577917309329477	gamma-CEHC
gamma-glutamyl-alpha-lysine	0.329275075105331	69	0.165493948775683	NA	0.469721122695235	gamma-glutamyl-alpha-lysine
gamma-glutamyl-epsilon-lysine	0.285576312395366	60	0.472509068324386	NA	0.716280792209921	gamma-glutamyl-epsilon-lysine
gamma-glutamylalanine	-0.0858483228729877	45.5	0.759276935406329	NA	0.915800571276712	gamma-glutamylalanine
gamma-glutamylglutamate	0.809713101782398	86.5	0.00630213219098329	NA	0.184628704790656	gamma-glutamylglutamate
gamma-glutamylglutamine	-0.010267920804727	50	1	NA	1	gamma-glutamylglutamine
gamma-glutamylglycine	0.347433840332538	71.5	0.111734949029868	NA	0.402622378973288	gamma-glutamylglycine
gamma-glutamylhistidine	0.174514536141738	76	0.0535419392309454	NA	0.312111722870444	gamma-glutamylhistidine
gamma-glutamylisoleucine*	0.409268284495072	69	0.165493948775683	NA	0.469721122695235	gamma-glutamylisoleucine*
gamma-glutamylleucine	0.335857581652202	64	0.314999242243824	NA	0.607238423631881	gamma-glutamylleucine
gamma-glutamylmethionine	0.297887090225459	61	0.426659071248973	NA	0.692206529280833	gamma-glutamylmethionine
gamma-glutamylphenylalanine	0.572533693318848	79	0.0311455707910274	NA	0.269793450878121	gamma-glutamylphenylalanine
gamma-glutamylthreonine	0.0949854909863548	61	0.426659071248973	NA	0.692206529280833	gamma-glutamylthreonine
gamma-glutamyltryptophan	0.708950523212258	84	0.0068149085343207	NA	0.184628704790656	gamma-glutamyltryptophan
gamma-glutamyltyrosine	0.616602259875997	78.5	0.0336197241236095	NA	0.278280160924488	gamma-glutamyltyrosine
gamma-glutamylvaline	0.30521151643629	61.5	0.405502300129991	NA	0.67617508546676	gamma-glutamylvaline
gamma-tocopherol/beta-tocopherol	-0.160292857643513	41	0.52884886011821	NA	0.747335147667047	gamma-tocopherol/beta-tocopherol
gentisate	0.533733393025046	72	0.101503763154304	NA	0.383151158337678	gentisate
GlcNAc sulfate conjugate of C21H34O2 steroid	-1.34844984613678	30	0.13747199804673	NA	0.444067322985892	GlcNAc sulfate conjugate of C21H34O2 steroid
gluconate	0.077290052322877	55	0.733633643767869	NA	0.895020003623556	gluconate
glucose	-0.576345650013645	31	0.165493948775683	NA	0.469721122695235	glucose
glucuronate	0.257377423451324	67	0.217562623135379	NA	0.521993775652149	glucuronate
glucuronide of C10H18O2 (7)*	2.74812357528874	50	1	NA	1	glucuronide of C10H18O2 (7)*
glucuronide of piperine metabolite C17H21NO3 (4)*	-0.468182939719801	55	0.730294171629937	NA	0.895020003623556	glucuronide of piperine metabolite C17H21NO3 (4)*
glutamate	1.39409302609243	81	0.0185433761285154	NA	0.224880579594906	glutamate
glutamine	-0.0205959060173278	54	0.795936261880534	NA	0.92328606378142	glutamine
glutamine conjugate of C6H10O2 (1)*	-0.0229642869622702	53	0.839977629037829	NA	0.955095100216342	glutamine conjugate of C6H10O2 (1)*
glutamine conjugate of C6H10O2 (2)*	-0.933825055338575	48	0.909038324456433	NA	0.98091729004043	glutamine conjugate of C6H10O2 (2)*
glutamine conjugate of C7H12O2*	-0.790233838077471	40	0.451509571472271	NA	0.708604433345893	glutamine conjugate of C7H12O2*
glutarate (C5-DC)	0.955223357906033	66	0.247450691723138	NA	0.548337579333331	glutarate (C5-DC)
glutarylcarnitine (C5-DC)	-0.417727884141745	40	0.472008557666107	NA	0.716280792209921	glutarylcarnitine (C5-DC)
glycerate	0.378237967223367	66	0.247450691723138	NA	0.548337579333331	glycerate
glycerol	-0.248798843508189	38	0.393048128342246	NA	0.660360457441507	glycerol
glycerol 3-phosphate	0.0979868242966327	55.5	0.705351372063505	NA	0.879381990965155	glycerol 3-phosphate
glycerophosphoethanolamine	0.789682789357018	81	0.0185433761285154	NA	0.224880579594906	glycerophosphoethanolamine
glycerophosphoglycerol	0.868593258649481	69	0.125820065637571	NA	0.421718511458592	glycerophosphoglycerol
glycerophosphoinositol*	0.917262228542258	64	0.303825342382215	NA	0.607238423631881	glycerophosphoinositol*
glycerophosphorylcholine (GPC)	1.54161023879377	81	0.0185433761285154	NA	0.224880579594906	glycerophosphorylcholine (GPC)
glycine	0.274878546799239	75	0.0630128385546342	NA	0.320571908124092	glycine
glycine conjugate of C10H14O2 (1)*	-0.151100709646249	54.5	0.754738331696203	NA	0.911975484132912	glycine conjugate of C10H14O2 (1)*
glyco-beta-muricholate	0.128286655410553	59	0.517356333185663	NA	0.747335147667047	glyco-beta-muricholate
glycochenodeoxycholate	0.207065714501897	63	0.352681374353201	NA	0.64097677573184	glycochenodeoxycholate
glycochenodeoxycholate 3-sulfate	-0.175486551840575	44.5	0.705351372063505	NA	0.879381990965155	glycochenodeoxycholate 3-sulfate
glycochenodeoxycholate glucuronide (1)	0.678067226943765	56.5	0.650024629906101	NA	0.843514451648579	glycochenodeoxycholate glucuronide (1)
glycocholate	0.710882400350872	62	0.393048128342246	NA	0.660360457441507	glycocholate
glycocholenate sulfate*	-0.197676315770058	39	0.435872177358246	NA	0.692206529280833	glycocholenate sulfate*
glycodeoxycholate	0.0735189904950557	62	0.384494282616179	NA	0.660360457441507	glycodeoxycholate
glycodeoxycholate 3-sulfate	-0.00095062164318635	52.5	0.879784301056993	NA	0.973161075961881	glycodeoxycholate 3-sulfate
glycohyocholate	0.474875401402267	51	0.969793170857941	NA	1	glycohyocholate
glycolithocholate	0.322848572715809	47	0.836115924398419	NA	0.955095100216342	glycolithocholate
glycolithocholate sulfate*	-0.197650146673366	42	0.578741691744788	NA	0.787797364068925	glycolithocholate sulfate*
glycoursodeoxycholate	0.319738214100992	60	0.472509068324386	NA	0.716280792209921	glycoursodeoxycholate
glycoursodeoxycholic acid sulfate (1)	0.15494125262368	61	0.423849042589673	NA	0.692206529280833	glycoursodeoxycholic acid sulfate (1)
guaiacol sulfate	1.46529465450897	71	0.123005477494642	NA	0.414366936812757	guaiacol sulfate
guanidinoacetate	-0.0226930780644649	48.5	0.939720366947744	NA	1	guanidinoacetate
gulonate*	0.364606827719873	75	0.0630128385546342	NA	0.320571908124092	gulonate*
heme	1.40258271442265	64	0.297091176472681	NA	0.602309467195375	heme
heptanoate (7:0)	0.330639628332881	69	0.161814606337011	NA	0.469721122695235	heptanoate (7:0)
heptenedioate (C7:1-DC)*	-0.469117913507348	37	0.352681374353201	NA	0.64097677573184	heptenedioate (C7:1-DC)*
hexadecadienoate (16:2n6)	-0.348392648365957	44	0.68421052631579	NA	0.85622593068036	hexadecadienoate (16:2n6)
hexadecanedioate (C16)	-0.514924163381823	30	0.143140141592154	NA	0.444067322985892	hexadecanedioate (C16)
hexadecenedioate (C16:1-DC)*	-0.409574159343747	34.5	0.256660369915857	NA	0.563133114256173	hexadecenedioate (C16:1-DC)*
hexanoylcarnitine (C6)	-0.0690122066845636	49	0.970512459676546	NA	1	hexanoylcarnitine (C6)
hexanoylglutamine	-0.596903253838378	42	0.562404927594274	NA	0.779883756144243	hexanoylglutamine
hippurate	-0.755535290855745	47	0.853428305440689	NA	0.955095100216342	hippurate
histidine	0.244464717849341	77	0.0432570525449782	NA	0.302546248281555	histidine
homoarginine	-0.0364167712960348	49	0.970512459676546	NA	1	homoarginine
homocitrulline	1.29943310769261	72	0.0995449720341931	NA	0.383151158337678	homocitrulline
homostachydrine*	0.905429777420939	72	0.103589204419217	NA	0.383151158337678	homostachydrine*
homovanillate (HVA)	-0.0170465675212537	44	0.673505472157737	NA	0.85622593068036	homovanillate (HVA)
hydantoin-5-propionate	0.821233823300371	66.5	0.211449130204713	NA	0.521993775652149	hydantoin-5-propionate
hydroquinone sulfate	0.0364016807294946	59.5	0.481945478300407	NA	0.719144595137297	hydroquinone sulfate
hydroxy-CMPF*	0.666192633889319	41	0.52884886011821	NA	0.747335147667047	hydroxy-CMPF*
hydroxy-N6,N6,N6-trimethyllysine*	0.18327183798703	63	0.343977586560038	NA	0.64097677573184	hydroxy-N6,N6,N6-trimethyllysine*
hydroxyasparagine	0.0435533413142859	54	0.795936261880534	NA	0.92328606378142	hydroxyasparagine
hyocholate	0.270585439477545	56.5	0.648789346064483	NA	0.843514451648579	hyocholate
hypotaurine	0.648661056181866	52	0.911797181147026	NA	0.98091729004043	hypotaurine
hypoxanthine	4.37576340245257	78	0.0354629890233605	NA	0.278280160924488	hypoxanthine
I-urobilinogen	1.51027566028732	65	0.241539233588999	NA	0.548337579333331	I-urobilinogen
imidazole lactate	0.45292053334508	70	0.139867911479759	NA	0.444067322985892	imidazole lactate
imidazole propionate	0.716665209082858	60.5	0.43480594158396	NA	0.692206529280833	imidazole propionate
iminodiacetate (IDA)	-0.620051417067678	36	0.314999242243824	NA	0.607238423631881	iminodiacetate (IDA)
indoleacetate	-0.0185014714767963	50	1	NA	1	indoleacetate
indoleacetoylcarnitine*	-0.043229457450882	38	0.378324579221584	NA	0.660360457441507	indoleacetoylcarnitine*
indolelactate	0.400179948140427	67	0.217562623135379	NA	0.521993775652149	indolelactate
indolepropionate	0.162556525708711	48	0.911797181147026	NA	0.98091729004043	indolepropionate
inosine	3.92122543687253	78	0.0373481613419407	NA	0.289665390872959	inosine
inosine 5'-monophosphate (IMP)	1.28697575746932	54	0.786908359335658	NA	0.92328606378142	inosine 5'-monophosphate (IMP)
isobutyrylcarnitine (C4)	0.753944294365309	83	0.0114962436943861	NA	0.217733178414293	isobutyrylcarnitine (C4)
isocaproate (i6:0)	-0.305145220518162	37	0.33826696005667	NA	0.64097677573184	isocaproate (i6:0)
isoleucine	0.275212265958113	64	0.314999242243824	NA	0.607238423631881	isoleucine
isoleucylglycine	0.378953493868719	66.5	0.196252785988449	NA	0.509340888149009	isoleucylglycine
isoursodeoxycholate	-0.774809644780496	60	0.472509068324386	NA	0.716280792209921	isoursodeoxycholate
isovalerate (C5)	0.132426234471514	52	0.911797181147026	NA	0.98091729004043	isovalerate (C5)
isovalerylcarnitine (C5)	0.660321717719262	69	0.165493948775683	NA	0.469721122695235	isovalerylcarnitine (C5)
isovalerylglycine	0.226562400203692	53.5	0.808542667307965	NA	0.936281178983356	isovalerylglycine
kynurenate	0.143680928069595	62	0.383957035573889	NA	0.660360457441507	kynurenate
kynurenine	0.396925636571939	75	0.0630128385546342	NA	0.320571908124092	kynurenine
lactate	1.59923565776659	81	0.0185433761285154	NA	0.224880579594906	lactate
lactobacillic acid	-0.679184652910216	34	0.247450691723138	NA	0.548337579333331	lactobacillic acid
lanthionine	0.425211295833337	74	0.0745620127879839	NA	0.348581672885078	lanthionine
laurate (12:0)	0.091626084973553	56	0.68421052631579	NA	0.85622593068036	laurate (12:0)
laurylcarnitine (C12)	-0.758713162881028	38	0.383957035573889	NA	0.660360457441507	laurylcarnitine (C12)
leucine	0.182272737901773	56	0.68421052631579	NA	0.85622593068036	leucine
leucylalanine	-0.509244047934471	40	0.471003306843354	NA	0.716280792209921	leucylalanine
lignoceroylcarnitine (C24)*	0.310696388892581	70	0.14031583347016	NA	0.444067322985892	lignoceroylcarnitine (C24)*
linoleate (18:2n6)	-0.948668058921992	26	0.0752560133365087	NA	0.348581672885078	linoleate (18:2n6)
linolenate (18:3n3 or 3n6)	-0.669809856124948	27	0.0892095520578493	NA	0.365047676212181	linolenate (18:3n3 or 3n6)
linolenoylcarnitine (C18:3)*	0.971786697497888	67.5	0.195200788420542	NA	0.509340888149009	linolenoylcarnitine (C18:3)*
linoleoyl ethanolamide	0.0874822245229343	50	1	NA	1	linoleoyl ethanolamide
linoleoylcarnitine (C18:2)*	0.741246361052425	61	0.435872177358246	NA	0.692206529280833	linoleoylcarnitine (C18:2)*
linoleoylcholine*	0.367009280135019	47	0.849546785201283	NA	0.955095100216342	linoleoylcholine*
lithocholate sulfate (1)	0.188736872979627	58	0.565590891066721	NA	0.781054087663567	lithocholate sulfate (1)
lysine	0.223260805006815	63	0.352681374353201	NA	0.64097677573184	lysine
malate	1.00186869989589	76	0.0524259022711035	NA	0.312111722870444	malate
maleate	5.23402874911823	69	0.165493948775683	NA	0.469721122695235	maleate
malonate	-0.0217850627226929	43	0.630528913810648	NA	0.823019149729358	malonate
maltose	1.8748156551258	84	0.00966977164929357	NA	0.217733178414293	maltose
mannitol/sorbitol	0.647212971698449	81	0.0185433761285154	NA	0.224880579594906	mannitol/sorbitol
mannonate*	-0.0157438771554429	44	0.68421052631579	NA	0.85622593068036	mannonate*
mannose	-1.03190959103819	19	0.0209403536539594	NA	0.238373036957917	mannose
margarate (17:0)	-0.527999244805397	33	0.217562623135379	NA	0.521993775652149	margarate (17:0)
margaroylcarnitine (C17)*	0.91459515553963	70	0.138970820734404	NA	0.444067322985892	margaroylcarnitine (C17)*
mead acid (20:3n9)	-0.166434356510529	42	0.578741691744788	NA	0.787797364068925	mead acid (20:3n9)
metabolonic lactone sulfate	0.487061948340989	60	0.472008557666107	NA	0.716280792209921	metabolonic lactone sulfate
methionine	0.224335140725889	57	0.630528913810648	NA	0.823019149729358	methionine
methionine sulfone	0.609003619211091	72	0.105122431747819	NA	0.383151158337678	methionine sulfone
methionine sulfoxide	0.394107898440406	72	0.105122431747819	NA	0.383151158337678	methionine sulfoxide
methyl glucopyranoside (alpha + beta)	0.611639093596285	66	0.237761590604312	NA	0.548337579333331	methyl glucopyranoside (alpha + beta)
methyl-4-hydroxybenzoate sulfate	6.34760274247998	84	0.0102773606470774	NA	0.217733178414293	methyl-4-hydroxybenzoate sulfate
methylmalonate (MMA)	0.47884390204774	72	0.105122431747819	NA	0.383151158337678	methylmalonate (MMA)
methylphenidate	-0.313106515463442	45	0.368120250693519	NA	0.651289674303918	methylphenidate
methylsuccinate	-0.656617102811536	51	0.970512459676546	NA	1	methylsuccinate
myo-inositol	0.409903505440959	80	0.0232306393297105	NA	0.254013712015032	myo-inositol
myristate (14:0)	-0.214513364778348	42	0.578741691744788	NA	0.787797364068925	myristate (14:0)
myristoleate (14:1n5)	-0.547306988727839	37	0.352681374353201	NA	0.64097677573184	myristoleate (14:1n5)
myristoleoylcarnitine (C14:1)*	-1.00406618992507	32.5	0.198595758633215	NA	0.509474503878287	myristoleoylcarnitine (C14:1)*
myristoylcarnitine (C14)	0.632916294499398	62.5	0.364165734640172	NA	0.651289674303918	myristoylcarnitine (C14)
N,N,N-trimethyl-5-aminovalerate	1.34661945345256	82	0.0146896447206045	NA	0.217733178414293	N,N,N-trimethyl-5-aminovalerate
N,N,N-trimethyl-alanylproline betaine (TMAP)	0.0844816160504203	55	0.733343959574996	NA	0.895020003623556	N,N,N-trimethyl-alanylproline betaine (TMAP)
N,N-dimethylalanine	-1.33785353254559	32	0.19031587607439	NA	0.501524575288611	N,N-dimethylalanine
N-(2-furoyl)glycine	2.91560647288013	88	0.00406870437006725	NA	0.159636812637345	N-(2-furoyl)glycine
N-acetyl-2-aminooctanoate*	0.25133617537861	50	1	NA	1	N-acetyl-2-aminooctanoate*
N-acetyl-aspartyl-glutamate (NAAG)	1.38340651107847	87	0.00381916930181601	NA	0.159636812637345	N-acetyl-aspartyl-glutamate (NAAG)
N-acetyl-beta-alanine	0.086418440246534	53	0.853428305440689	NA	0.955095100216342	N-acetyl-beta-alanine
N-acetyl-isoputreanine	0.0278735125465642	55	0.733343959574996	NA	0.895020003623556	N-acetyl-isoputreanine
N-acetylalanine	-0.989568341957697	40	0.48125094719522	NA	0.719144595137297	N-acetylalanine
N-acetylalliin	-0.737831122118237	54	0.777413767981074	NA	0.92328606378142	N-acetylalliin
N-acetylarginine	0.79110144487865	75.5	0.0554682463091997	NA	0.316216412719968	N-acetylarginine
N-acetylasparagine	0.503865937990849	62	0.382878443073784	NA	0.660360457441507	N-acetylasparagine
N-acetylaspartate (NAA)	0.00360374866161928	56	0.68421052631579	NA	0.85622593068036	N-acetylaspartate (NAA)
N-acetylcarnosine	-0.0875521590008762	45	0.732761746219767	NA	0.895020003623556	N-acetylcarnosine
N-acetylglucosamine/N-acetylgalactosamine	0.309073543398561	68	0.19031587607439	NA	0.501524575288611	N-acetylglucosamine/N-acetylgalactosamine
N-acetylglucosaminylasparagine	-0.239467766234405	31.5	0.145990926049938	NA	0.450814572570873	N-acetylglucosaminylasparagine
N-acetylglutamate	0.398799821464796	78	0.0354629890233605	NA	0.278280160924488	N-acetylglutamate
N-acetylglutamine	-0.706744825350005	50	1	NA	1	N-acetylglutamine
N-acetylglycine	-0.737267907623001	27	0.0892095520578493	NA	0.365047676212181	N-acetylglycine
N-acetylleucine	-0.681102502376688	40.5	0.494664839725459	NA	0.734836187298176	N-acetylleucine
N-acetylmethionine	0.0882953472642486	59	0.52884886011821	NA	0.747335147667047	N-acetylmethionine
N-acetylneuraminate	0.199819893258127	67	0.217562623135379	NA	0.521993775652149	N-acetylneuraminate
N-acetylphenylalanine	0.0265478190670872	56	0.68421052631579	NA	0.85622593068036	N-acetylphenylalanine
N-acetylputrescine	0.791227271422652	75	0.0636223326001342	NA	0.320571908124092	N-acetylputrescine
N-acetylserine	-0.000640909792712561	50	1	NA	1	N-acetylserine
N-acetyltaurine	0.496623430277047	72	0.103589204419217	NA	0.383151158337678	N-acetyltaurine
N-acetylthreonine	-0.0491175835608618	46	0.795936261880534	NA	0.92328606378142	N-acetylthreonine
N-acetyltryptophan	0.200240905506802	65	0.250488252197507	NA	0.55323067621105	N-acetyltryptophan
N-acetyltyrosine	-0.282435692655858	48.5	0.938935705056542	NA	1	N-acetyltyrosine
N-acetylvaline	-0.389279917387225	54	0.795936261880534	NA	0.92328606378142	N-acetylvaline
N-carbamoylaspartate	1.73388373789146	62.5	0.357943218389815	NA	0.64877208333154	N-carbamoylaspartate
N-delta-acetylornithine	0.0947046140964465	59	0.52884886011821	NA	0.747335147667047	N-delta-acetylornithine
N-formylanthranilic acid	-0.137227318825235	51	0.969804557772011	NA	1	N-formylanthranilic acid
N-formylmethionine	-0.00753700938855338	50	1	NA	1	N-formylmethionine
N-methylpipecolate	1.42905997917948	87	0.00572203019173397	NA	0.181742577994598	N-methylpipecolate
N-methylproline	1.23488359820579	60	0.48125094719522	NA	0.719144595137297	N-methylproline
N-oleoylserine	0.0365270471954407	54.5	0.761497597568359	NA	0.916821114761905	N-oleoylserine
N-oleoyltaurine	-0.443937923175865	41.5	0.543831316022702	NA	0.75918038891463	N-oleoyltaurine
N-oxalyl glycine (NOG)	-0.148553087876991	48	0.908515337491729	NA	0.98091729004043	N-oxalyl glycine (NOG)
N-palmitoylglycine	-0.414334126926972	30.5	0.15077333785344	NA	0.463436941696979	N-palmitoylglycine
N1-Methyl-2-pyridone-5-carboxamide	0.499267544011775	73	0.0892095520578493	NA	0.365047676212181	N1-Methyl-2-pyridone-5-carboxamide
N1-Methyl-4-pyridone-3-carboxamide	0.614051055627071	74	0.0752560133365087	NA	0.348581672885078	N1-Methyl-4-pyridone-3-carboxamide
1-methyladenosine	0.138938947413513	60	0.472008557666107	NA	0.716280792209921	1-methyladenosine
N1-methylinosine	0.448106930291269	77	0.0443481380960993	NA	0.303678944170979	N1-methylinosine
N2,N2-dimethylguanosine	0.392553528833573	80	0.0255257841958039	NA	0.263644007909566	N2,N2-dimethylguanosine
N2-acetyl,N6,N6-dimethyllysine	0.129321588248428	64	0.291726325830177	NA	0.593236156490024	N2-acetyl,N6,N6-dimethyllysine
N4-acetylcytidine	1.22633106671219	71	0.120664636435023	NA	0.414366936812757	N4-acetylcytidine
N6,N6,N6-trimethyllysine	0.420927313929655	65	0.279861005867198	NA	0.577917309329477	N6,N6,N6-trimethyllysine
N6,N6-dimethyllysine	0.507367067890185	73	0.0888529084790496	NA	0.365047676212181	N6,N6-dimethyllysine
N6-acetyllysine	0.376986446274593	81	0.0185433761285154	NA	0.224880579594906	N6-acetyllysine
N6-carbamoylthreonyladenosine	0.216407850334668	72	0.103979744458987	NA	0.383151158337678	N6-carbamoylthreonyladenosine
N6-carboxymethyllysine	1.37787891824803	78.5	0.023726614442303	NA	0.255252448919614	N6-carboxymethyllysine
N6-methyllysine	0.639948435526559	73	0.0892095520578493	NA	0.365047676212181	N6-methyllysine
nicotinamide	1.29877885382475	76.5	0.0485131141758636	NA	0.312111722870444	nicotinamide
nonadecanoate (19:0)	-0.313775498426861	35	0.279861005867198	NA	0.577917309329477	nonadecanoate (19:0)
nonanoylcarnitine (C9)	-0.28749063011172	47	0.846887680407913	NA	0.955095100216342	nonanoylcarnitine (C9)
O-sulfo-L-tyrosine	-0.0156885745409999	46	0.795936261880534	NA	0.92328606378142	O-sulfo-L-tyrosine
octadecadienedioate (C18:2-DC)*	-0.546742574910078	28	0.105122431747819	NA	0.383151158337678	octadecadienedioate (C18:2-DC)*
octadecanedioate (C18)	-0.394361000435338	29	0.123005477494642	NA	0.414366936812757	octadecanedioate (C18)
octadecanedioylcarnitine (C18-DC)*	-0.101389630324234	48.5	0.939515610043531	NA	1	octadecanedioylcarnitine (C18-DC)*
octadecenedioate (C18:1-DC)	-0.485799037691811	38	0.393048128342246	NA	0.660360457441507	octadecenedioate (C18:1-DC)
octadecenedioylcarnitine (C18:1-DC)*	-0.654257088330013	40.5	0.494664839725459	NA	0.734836187298176	octadecenedioylcarnitine (C18:1-DC)*
octanoylcarnitine (C8)	-0.559141131196492	41	0.519894516355937	NA	0.747335147667047	octanoylcarnitine (C8)
oleate/vaccenate (18:1)	-0.885469580130756	32	0.19031587607439	NA	0.501524575288611	oleate/vaccenate (18:1)
oleoyl ethanolamide	0.0826675178128263	53.5	0.820529506109412	NA	0.946874014835601	oleoyl ethanolamide
oleoylcarnitine (C18:1)	0.618070950547252	53	0.853428305440689	NA	0.955095100216342	oleoylcarnitine (C18:1)
oleoylcholine	0.342265118460749	46	0.790566218952832	NA	0.92328606378142	oleoylcholine
ornithine	0.686398478609828	82	0.0146896447206045	NA	0.217733178414293	ornithine
orotate	0.482757083654089	76	0.0524259022711035	NA	0.312111722870444	orotate
orotidine	0.414421256539705	68	0.19031587607439	NA	0.501524575288611	orotidine
oxalate (ethanedioate)	0.2601126200949	61	0.435872177358246	NA	0.692206529280833	oxalate (ethanedioate)
p-cresol glucuronide*	0.396661320620955	56	0.67527266614544	NA	0.85622593068036	p-cresol glucuronide*
p-cresol sulfate	-0.29286828910863	43	0.630528913810648	NA	0.823019149729358	p-cresol sulfate
palmitate (16:0)	-0.464279073212715	31	0.165493948775683	NA	0.469721122695235	palmitate (16:0)
palmitoleate (16:1n7)	-1.11484135558411	31	0.165493948775683	NA	0.469721122695235	palmitoleate (16:1n7)
palmitoleoylcarnitine (C16:1)*	-0.0049137484786612	47.5	0.879784301056993	NA	0.973161075961881	palmitoleoylcarnitine (C16:1)*
palmitoyl ethanolamide	0.0716033300684342	48	0.911797181147026	NA	0.98091729004043	palmitoyl ethanolamide
palmitoyl-sphingosine-phosphoethanolamine (d18:1/16:0)	0.136046663463478	60.5	0.449350697763888	NA	0.708604433345893	palmitoyl-sphingosine-phosphoethanolamine (d18:1/16:0)
palmitoylcarnitine (C16)	0.541909558333401	56	0.68421052631579	NA	0.85622593068036	palmitoylcarnitine (C16)
palmitoylcholine	0.0506512967171117	46	0.791029577298176	NA	0.92328606378142	palmitoylcholine
pantothenate (Vitamin B5)	0.714301833166923	66	0.247450691723138	NA	0.548337579333331	pantothenate (Vitamin B5)
paraxanthine	0.365252966729595	59	0.500535117022953	NA	0.740259252892038	paraxanthine
pentadecanoate (15:0)	-0.162839532628419	36	0.314999242243824	NA	0.607238423631881	pentadecanoate (15:0)
pentose acid*	0.591366587437709	72	0.105122431747819	NA	0.383151158337678	pentose acid*
perfluorooctanesulfonate (PFOS)	-0.755554577735554	28	0.105122431747819	NA	0.383151158337678	perfluorooctanesulfonate (PFOS)
perfluorooctanoate (PFOA)	-0.399341098884865	38	0.393048128342246	NA	0.660360457441507	perfluorooctanoate (PFOA)
phenol sulfate	-0.267412061024042	51	0.970512459676546	NA	1	phenol sulfate
phenylacetate	-4.47863364212103	24.5	0.0586866812702637	NA	0.320571908124092	phenylacetate
phenylacetylcarnitine	-0.211463211096192	58.5	0.543831316022702	NA	0.75918038891463	phenylacetylcarnitine
phenylacetylglutamine	-0.214402855094599	45	0.739364350819459	NA	0.895020003623556	phenylacetylglutamine
phenylalanine	0.319980001455938	74	0.0752560133365087	NA	0.348581672885078	phenylalanine
phenyllactate (PLA)	0.307713637463755	66	0.247450691723138	NA	0.548337579333331	phenyllactate (PLA)
phenylpyruvate	0.206013514950057	54	0.791029577298176	NA	0.92328606378142	phenylpyruvate
phosphate	0.564203192669064	90	0.0015046872632012	NA	0.111261554981403	phosphate
phosphoethanolamine (PE)	0.775294743128266	57	0.630528913810648	NA	0.823019149729358	phosphoethanolamine (PE)
phytanate	0.26964685389999	56	0.68421052631579	NA	0.85622593068036	phytanate
picolinoylglycine	1.18416436822557	86	0.00490097858252306	NA	0.1732880122973	picolinoylglycine
pimeloylcarnitine/3-methyladipoylcarnitine (C7-DC)	0.00102622058213631	53	0.839977629037829	NA	0.955095100216342	pimeloylcarnitine/3-methyladipoylcarnitine (C7-DC)
pipecolate	-0.0732068000839665	69	0.165493948775683	NA	0.469721122695235	pipecolate
piperine	-1.10284626609444	53	0.848980508948108	NA	0.955095100216342	piperine
pregabalin	-8.05105433861673	40	0.16807831903497	NA	0.47503491015392	pregabalin
pregnanediol-3-glucuronide	-1.28719254981464	31.5	0.159786655415185	NA	0.469721122695235	pregnanediol-3-glucuronide
pregnanolone/allopregnanolone sulfate	-0.527988661740872	40.5	0.467275246550279	NA	0.716280792209921	pregnanolone/allopregnanolone sulfate
pregnen-diol disulfate*	-1.33761326305405	24	0.0524259022711035	NA	0.312111722870444	pregnen-diol disulfate*
pregnenediol sulfate (C21H34O5S)*	-1.03670760344474	23	0.0432570525449782	NA	0.302546248281555	pregnenediol sulfate (C21H34O5S)*
pregnenetriol disulfate*	-1.1332298196143	23	0.0432570525449782	NA	0.302546248281555	pregnenetriol disulfate*
pregnenetriol sulfate*	-0.809253405322142	24.5	0.0586866812702637	NA	0.320571908124092	pregnenetriol sulfate*
pregnenolone sulfate	-1.0082126165288	30	0.14031583347016	NA	0.444067322985892	pregnenolone sulfate
prolylhydroxyproline	0.383504757363638	76	0.0538123660121454	NA	0.312111722870444	prolylhydroxyproline
proline	0.582492266892205	92	0.000725280911039425	NA	0.104056632960801	proline
propionylcarnitine (C3)	0.610969989466848	79	0.0288055597653121	NA	0.26769811462788	propionylcarnitine (C3)
propionylglycine (C3)	0.568627272543708	65	0.241539233588999	NA	0.548337579333331	propionylglycine (C3)
pseudouridine	0.104482684911521	58.5	0.545198510180071	NA	0.75918038891463	pseudouridine
pyridoxate	0.668817050665919	63	0.352681374353201	NA	0.64097677573184	pyridoxate
pyroglutamine*	-0.00919947681892096	54	0.791260106403179	NA	0.92328606378142	pyroglutamine*
pyrraline	1.22940878820621	86	0.00685195142209456	NA	0.184628704790656	pyrraline
pyruvate	1.54415131119495	74	0.0752560133365087	NA	0.348581672885078	pyruvate
quinate	2.70541267026052	67	0.208837679249529	NA	0.521993775652149	quinate
quinolinate	1.15438230878457	86	0.00706651070260192	NA	0.184628704790656	quinolinate
ranitidine	9.38255198007981	55	0.368120250693519	NA	0.651289674303918	ranitidine
ranitidine N-oxide*	0	50	NA	NA	NA	ranitidine N-oxide*
retinol (Vitamin A)	0.405932246547553	63	0.352681374353201	NA	0.64097677573184	retinol (Vitamin A)
ribitol	0.54069150297166	90	0.0015046872632012	NA	0.111261554981403	ribitol
riboflavin (Vitamin B2)	0.90970246744375	78	0.0292982944045506	NA	0.26769811462788	riboflavin (Vitamin B2)
ribonate	-0.159928471590505	45	0.739364350819459	NA	0.895020003623556	ribonate
ribulonate/xylulonate/lyxonate*	0.928689907855548	83	0.0114962436943861	NA	0.217733178414293	ribulonate/xylulonate/lyxonate*
ritalinic acid	0.0130942036696739	55	0.368120250693519	NA	0.651289674303918	ritalinic acid
S-1-pyrroline-5-carboxylate	0.321772583991564	59	0.511496363968238	NA	0.747335147667047	S-1-pyrroline-5-carboxylate
S-allylcysteine	0.470258669271185	65	0.266649994312144	NA	0.577453072098053	S-allylcysteine
S-methylcysteine	-0.793789324028963	31	0.165493948775683	NA	0.469721122695235	S-methylcysteine
S-methylcysteine sulfoxide	-1.21615031349062	22	0.0354629890233605	NA	0.278280160924488	S-methylcysteine sulfoxide
salicylate	1.96786204494007	53	0.853428305440689	NA	0.955095100216342	salicylate
sarcosine	-1.72540551994904	35	0.279861005867198	NA	0.577917309329477	sarcosine
sebacate (C10-DC)	-0.268065732052741	49.5	1	NA	1	sebacate (C10-DC)
serine	0.084964874531076	56	0.68421052631579	NA	0.85622593068036	serine
serotonin	1.5070564121215	73	0.0865701556556257	NA	0.365047676212181	serotonin
spermidine	1.53812857914988	59	0.52884886011821	NA	0.747335147667047	spermidine
sphinganine	1.39589736520374	84	0.00793164682935573	NA	0.195941053154825	sphinganine
sphinganine-1-phosphate	0.737298565871346	77	0.0450737863162323	NA	0.303678944170979	sphinganine-1-phosphate
sphingosine	1.83770621723357	73.5	0.080948339545999	NA	0.365047676212181	sphingosine
sphingosine 1-phosphate	0.561071183381913	81	0.0185433761285154	NA	0.224880579594906	sphingosine 1-phosphate
stachydrine	1.71713024670384	63	0.352681374353201	NA	0.64097677573184	stachydrine
stearate (18:0)	-0.315754891223029	32	0.19031587607439	NA	0.501524575288611	stearate (18:0)
stearidonate (18:4n3)	0.467405751754246	62	0.384494282616179	NA	0.660360457441507	stearidonate (18:4n3)
stearoylcarnitine (C18)	0.788535283232629	66	0.247450691723138	NA	0.548337579333331	stearoylcarnitine (C18)
stearoylcholine*	0.12935631352753	44	0.67527266614544	NA	0.85622593068036	stearoylcholine*
suberate (C8-DC)	0.244091207538265	66	0.237761590604312	NA	0.548337579333331	suberate (C8-DC)
suberoylcarnitine (C8-DC)	-0.587466529534016	59	0.481844982928025	NA	0.719144595137297	suberoylcarnitine (C8-DC)
succinate	0.986996297280599	66	0.247450691723138	NA	0.548337579333331	succinate
succinylcarnitine (C4-DC)	1.25502010670067	88	0.00406870437006725	NA	0.159636812637345	succinylcarnitine (C4-DC)
sucrose	3.04104607175124	91	0.00203693161876608	NA	0.111261554981403	sucrose
sulfate of piperine metabolite C16H19NO3 (2)*	-1.14706930782543	52	0.907767764777612	NA	0.98091729004043	sulfate of piperine metabolite C16H19NO3 (2)*
sulfate of piperine metabolite C16H19NO3 (3)*	-1.57895501387166	52.5	0.875876300599423	NA	0.973161075961881	sulfate of piperine metabolite C16H19NO3 (3)*
sulfate*	0.243765547058259	76	0.0524259022711035	NA	0.312111722870444	sulfate*
tartronate (hydroxymalonate)	-0.0200902581780927	54	0.791029577298176	NA	0.92328606378142	tartronate (hydroxymalonate)
taurine	0.767907651583095	69	0.165493948775683	NA	0.469721122695235	taurine
tauro-beta-muricholate	-0.127396194062042	52	0.905371170140997	NA	0.98091729004043	tauro-beta-muricholate
taurochenodeoxycholate	0.165766808173254	52	0.911797181147026	NA	0.98091729004043	taurochenodeoxycholate
taurochenodeoxycholic acid 3-sulfate	-0.761446834708906	40	0.471003306843354	NA	0.716280792209921	taurochenodeoxycholic acid 3-sulfate
taurocholate	0.568234321747515	56	0.67527266614544	NA	0.85622593068036	taurocholate
taurocholenate sulfate*	-0.549630852055567	23	0.0432570525449782	NA	0.302546248281555	taurocholenate sulfate*
taurodeoxycholate	0.227313604195028	56	0.677126445647605	NA	0.85622593068036	taurodeoxycholate
taurodeoxycholic acid 3-sulfate	-0.313574761710538	41	0.517356333185663	NA	0.747335147667047	taurodeoxycholic acid 3-sulfate
taurolithocholate 3-sulfate	-0.901402862752667	37	0.344522779098129	NA	0.64097677573184	taurolithocholate 3-sulfate
tetradecadienedioate (C14:2-DC)*	-1.14373294322126	34	0.219290478798081	NA	0.524253581929462	tetradecadienedioate (C14:2-DC)*
tetradecadienoate (14:2)*	-0.663119493399404	32	0.19031587607439	NA	0.501524575288611	tetradecadienoate (14:2)*
tetradecanedioate (C14)	-0.937259188789601	27.5	0.0961785469058334	NA	0.383151158337678	tetradecanedioate (C14)
theobromine	0.81994074523363	67.5	0.197072273111371	NA	0.509474503878287	theobromine
theophylline	0.280433515306292	60	0.466752988268345	NA	0.716280792209921	theophylline
thioproline	-0.133011063521246	39	0.435872177358246	NA	0.692206529280833	thioproline
threonate	0.326258175095982	62	0.393048128342246	NA	0.660360457441507	threonate
threonine	0.0647959858866256	46	0.795936261880534	NA	0.92328606378142	threonine
thymol sulfate	-1.79848155151131	47.5	0.879784301056993	NA	0.973161075961881	thymol sulfate
thyroxine	0.199008752032255	71	0.120664636435023	NA	0.414366936812757	thyroxine
tiglyl carnitine (C5)	0.052249421684538	59	0.519894516355937	NA	0.747335147667047	tiglyl carnitine (C5)
trans-3,4-methyleneheptanoate	0.850890213345144	77.5	0.0404890465577153	NA	0.302546248281555	trans-3,4-methyleneheptanoate
hydroxyproline	0.454038435297522	77	0.0432570525449782	NA	0.302546248281555	hydroxyproline
trans-urocanate	0.74664035148239	73	0.0892095520578493	NA	0.365047676212181	trans-urocanate
tridecenedioate (C13:1-DC)*	-1.30855833455893	24	0.0524259022711035	NA	0.312111722870444	tridecenedioate (C13:1-DC)*
trigonelline (N'-methylnicotinate)	-0.211683933353973	62	0.393048128342246	NA	0.660360457441507	trigonelline (N'-methylnicotinate)
trimethylamine N-oxide	0.223989876177158	69	0.161814606337011	NA	0.469721122695235	trimethylamine N-oxide
tryptophan	0.106403423542981	55	0.739364350819459	NA	0.895020003623556	tryptophan
tryptophan betaine	0.979052516876771	68	0.185214458161717	NA	0.501524575288611	tryptophan betaine
tyrosine	0.567436271371012	81	0.0185433761285154	NA	0.224880579594906	tyrosine
undecenoylcarnitine (C11:1)	-0.197242831638498	43	0.621863158726785	NA	0.823019149729358	undecenoylcarnitine (C11:1)
uracil	2.69813705981039	72	0.105122431747819	NA	0.383151158337678	uracil
urate	0.00182032357856993	55	0.739364350819459	NA	0.895020003623556	urate
urea	0.444446018814579	79	0.0288055597653121	NA	0.26769811462788	urea
uridine	-0.0349024557115664	46	0.795936261880534	NA	0.92328606378142	uridine
ursodeoxycholate	-0.0620512189581161	65	0.271227122163817	NA	0.577917309329477	ursodeoxycholate
valine	0.347287239463516	66	0.247450691723138	NA	0.548337579333331	valine
valylglycine	0.591340942654106	66	0.226071400277169	NA	0.538534371374541	valylglycine
vanillactate	0.64260950842211	72	0.101503763154304	NA	0.383151158337678	vanillactate
vanillic acid glycine	2.56863371285626	71	0.113342529077089	NA	0.404275224034324	vanillic acid glycine
vanillylmandelate (VMA)	0.0265255594024427	48	0.911797181147026	NA	0.98091729004043	vanillylmandelate (VMA)
xanthine	1.94121491727587	74	0.0752560133365087	NA	0.348581672885078	xanthine
ximenoylcarnitine (C26:1)*	0.010722918622715	57	0.622652636570054	NA	0.823019149729358	ximenoylcarnitine (C26:1)*
xylose	1.19777258278267	73	0.0884925707322318	NA	0.365047676212181	xylose
